-- DEPARTMENTS 테이블에 데이터 삽입
INSERT INTO DEPARTMENTS  VALUES 
('DEPARTMENT_01', '개발'),
('DEPARTMENT_02', '영업'),
('DEPARTMENT_03', '인사'),
('DEPARTMENT_04', '회계'),
('DEPARTMENT_05', '기획');
-- MEMBERS 테이블에 데이터 삽입
INSERT INTO EMPLOYEES VALUES 
('EMPLOYEE_01', 'DEPARTMENT_01', '홍길동'),
('EMPLOYEE_02', 'DEPARTMENT_05', '김철수'),
('EMPLOYEE_03', 'DEPARTMENT_04', '안영희'),
('EMPLOYEE_04', 'DEPARTMENT_01', '윤형민'),
('EMPLOYEE_05', 'DEPARTMENT_02', '허태훈'),
('EMPLOYEE_06', 'DEPARTMENT_03', '이민재'),
('EMPLOYEE_07', 'DEPARTMENT_01', '박민지'),
('EMPLOYEE_08', 'DEPARTMENT_02', '신수한');
-- COMMUTES 테이블에 데이터 삽입
INSERT INTO COMMUTES VALUES 
('COMMUTE_01', '출근'),
('COMMUTE_02', '결근'),
('COMMUTE_03', '휴가'),
('COMMUTE_04', '병가'),
('COMMUTE_05', '연차');
INSERT INTO ATTENDS (EMPLOYEE_FK, COMMUTE_FK, WORKDATE) VALUES
('EMPLOYEE_01', 'COMMUTE_01', '2024-07-01'),
('EMPLOYEE_01', 'COMMUTE_01', '2024-07-02'),
('EMPLOYEE_01', 'COMMUTE_01', '2024-07-03'),
('EMPLOYEE_01', 'COMMUTE_01', '2024-07-04'),
('EMPLOYEE_01', 'COMMUTE_01', '2024-07-05'),
('EMPLOYEE_01', 'COMMUTE_01', '2024-07-08'),
('EMPLOYEE_01', 'COMMUTE_01', '2024-07-09'),
('EMPLOYEE_01', 'COMMUTE_01', '2024-07-10'),
('EMPLOYEE_01', 'COMMUTE_01', '2024-07-11'),
('EMPLOYEE_01', 'COMMUTE_01', '2024-07-12'),
('EMPLOYEE_01', 'COMMUTE_01', '2024-07-15'),
('EMPLOYEE_01', 'COMMUTE_01', '2024-07-16'),
('EMPLOYEE_01', 'COMMUTE_01', '2024-07-17'),
('EMPLOYEE_01', 'COMMUTE_01', '2024-07-18'),
('EMPLOYEE_01', 'COMMUTE_01', '2024-07-19'),
('EMPLOYEE_01', 'COMMUTE_01', '2024-07-22'),
('EMPLOYEE_01', 'COMMUTE_01', '2024-07-23'),
('EMPLOYEE_01', 'COMMUTE_01', '2024-07-24'),
('EMPLOYEE_01', 'COMMUTE_01', '2024-07-25'),
('EMPLOYEE_01', 'COMMUTE_01', '2024-07-26'),
('EMPLOYEE_01', 'COMMUTE_01', '2024-07-29'),
('EMPLOYEE_01', 'COMMUTE_01', '2024-07-30'),
('EMPLOYEE_01', 'COMMUTE_01', '2024-07-31'),
('EMPLOYEE_01', 'COMMUTE_01', '2024-08-01'),
('EMPLOYEE_02', 'COMMUTE_01', '2024-07-01'),
('EMPLOYEE_02', 'COMMUTE_01', '2024-07-02'),
('EMPLOYEE_02', 'COMMUTE_01', '2024-07-03'),
('EMPLOYEE_02', 'COMMUTE_01', '2024-07-04'),
('EMPLOYEE_02', 'COMMUTE_01', '2024-07-05'),
('EMPLOYEE_02', 'COMMUTE_01', '2024-07-08'),
('EMPLOYEE_02', 'COMMUTE_01', '2024-07-09'),
('EMPLOYEE_02', 'COMMUTE_01', '2024-07-10'),
('EMPLOYEE_02', 'COMMUTE_01', '2024-07-11'),
('EMPLOYEE_02', 'COMMUTE_01', '2024-07-12'),
('EMPLOYEE_02', 'COMMUTE_01', '2024-07-15'),
('EMPLOYEE_02', 'COMMUTE_01', '2024-07-16'),
('EMPLOYEE_02', 'COMMUTE_01', '2024-07-17'),
('EMPLOYEE_02', 'COMMUTE_01', '2024-07-18'),
('EMPLOYEE_02', 'COMMUTE_01', '2024-07-19'),
('EMPLOYEE_02', 'COMMUTE_01', '2024-07-22'),
('EMPLOYEE_02', 'COMMUTE_01', '2024-07-23'),
('EMPLOYEE_02', 'COMMUTE_01', '2024-07-24'),
('EMPLOYEE_02', 'COMMUTE_01', '2024-07-25'),
('EMPLOYEE_02', 'COMMUTE_01', '2024-07-26'),
('EMPLOYEE_02', 'COMMUTE_01', '2024-07-29'),
('EMPLOYEE_02', 'COMMUTE_01', '2024-07-30'),
('EMPLOYEE_02', 'COMMUTE_01', '2024-07-31'),
('EMPLOYEE_02', 'COMMUTE_01', '2024-08-01'),
('EMPLOYEE_03', 'COMMUTE_01', '2024-07-01'),
('EMPLOYEE_03', 'COMMUTE_01', '2024-07-02'),
('EMPLOYEE_03', 'COMMUTE_01', '2024-07-03'),
('EMPLOYEE_03', 'COMMUTE_01', '2024-07-04'),
('EMPLOYEE_03', 'COMMUTE_01', '2024-07-05'),
('EMPLOYEE_03', 'COMMUTE_01', '2024-07-08'),
('EMPLOYEE_03', 'COMMUTE_01', '2024-07-09'),
('EMPLOYEE_03', 'COMMUTE_01', '2024-07-10'),
('EMPLOYEE_03', 'COMMUTE_01', '2024-07-11'),
('EMPLOYEE_03', 'COMMUTE_01', '2024-07-12'),
('EMPLOYEE_03', 'COMMUTE_01', '2024-07-15'),
('EMPLOYEE_03', 'COMMUTE_01', '2024-07-16'),
('EMPLOYEE_03', 'COMMUTE_01', '2024-07-17'),
('EMPLOYEE_03', 'COMMUTE_01', '2024-07-18'),
('EMPLOYEE_03', 'COMMUTE_01', '2024-07-19'),
('EMPLOYEE_03', 'COMMUTE_01', '2024-07-22'),
('EMPLOYEE_03', 'COMMUTE_01', '2024-07-23'),
('EMPLOYEE_03', 'COMMUTE_01', '2024-07-24'),
('EMPLOYEE_03', 'COMMUTE_01', '2024-07-25'),
('EMPLOYEE_03', 'COMMUTE_01', '2024-07-26'),
('EMPLOYEE_03', 'COMMUTE_01', '2024-07-29'),
('EMPLOYEE_03', 'COMMUTE_01', '2024-07-30'),
('EMPLOYEE_03', 'COMMUTE_01', '2024-07-31'),
('EMPLOYEE_03', 'COMMUTE_01', '2024-08-01'),
('EMPLOYEE_04', 'COMMUTE_01', '2024-07-01'),
('EMPLOYEE_04', 'COMMUTE_01', '2024-07-02'),
('EMPLOYEE_04', 'COMMUTE_01', '2024-07-03'),
('EMPLOYEE_04', 'COMMUTE_01', '2024-07-04'),
('EMPLOYEE_04', 'COMMUTE_01', '2024-07-05'),
('EMPLOYEE_04', 'COMMUTE_01', '2024-07-08'),
('EMPLOYEE_04', 'COMMUTE_01', '2024-07-09'),
('EMPLOYEE_04', 'COMMUTE_01', '2024-07-10'),
('EMPLOYEE_04', 'COMMUTE_01', '2024-07-11'),
('EMPLOYEE_04', 'COMMUTE_01', '2024-07-12'),
('EMPLOYEE_04', 'COMMUTE_01', '2024-07-15'),
('EMPLOYEE_04', 'COMMUTE_01', '2024-07-16'),
('EMPLOYEE_04', 'COMMUTE_01', '2024-07-17'),
('EMPLOYEE_04', 'COMMUTE_01', '2024-07-18'),
('EMPLOYEE_04', 'COMMUTE_01', '2024-07-19'),
('EMPLOYEE_04', 'COMMUTE_01', '2024-07-22'),
('EMPLOYEE_04', 'COMMUTE_01', '2024-07-23'),
('EMPLOYEE_04', 'COMMUTE_01', '2024-07-24'),
('EMPLOYEE_04', 'COMMUTE_01', '2024-07-25'),
('EMPLOYEE_04', 'COMMUTE_01', '2024-07-26'),
('EMPLOYEE_04', 'COMMUTE_01', '2024-07-29'),
('EMPLOYEE_04', 'COMMUTE_01', '2024-07-30'),
('EMPLOYEE_04', 'COMMUTE_01', '2024-07-31'),
('EMPLOYEE_04', 'COMMUTE_01', '2024-08-01'),
('EMPLOYEE_05', 'COMMUTE_01', '2024-07-01'),
('EMPLOYEE_05', 'COMMUTE_01', '2024-07-02'),
('EMPLOYEE_05', 'COMMUTE_01', '2024-07-03'),
('EMPLOYEE_05', 'COMMUTE_01', '2024-07-04'),
('EMPLOYEE_05', 'COMMUTE_01', '2024-07-05'),
('EMPLOYEE_05', 'COMMUTE_01', '2024-07-08'),
('EMPLOYEE_05', 'COMMUTE_01', '2024-07-09'),
('EMPLOYEE_05', 'COMMUTE_01', '2024-07-10'),
('EMPLOYEE_05', 'COMMUTE_01', '2024-07-11'),
('EMPLOYEE_05', 'COMMUTE_01', '2024-07-12'),
('EMPLOYEE_05', 'COMMUTE_01', '2024-07-15'),
('EMPLOYEE_05', 'COMMUTE_01', '2024-07-16'),
('EMPLOYEE_05', 'COMMUTE_01', '2024-07-17'),
('EMPLOYEE_05', 'COMMUTE_01', '2024-07-18'),
('EMPLOYEE_05', 'COMMUTE_01', '2024-07-19'),
('EMPLOYEE_05', 'COMMUTE_01', '2024-07-22'),
('EMPLOYEE_05', 'COMMUTE_01', '2024-07-23'),
('EMPLOYEE_05', 'COMMUTE_01', '2024-07-24'),
('EMPLOYEE_05', 'COMMUTE_01', '2024-07-25'),
('EMPLOYEE_05', 'COMMUTE_01', '2024-07-26'),
('EMPLOYEE_05', 'COMMUTE_01', '2024-07-29'),
('EMPLOYEE_05', 'COMMUTE_01', '2024-07-30'),
('EMPLOYEE_05', 'COMMUTE_01', '2024-07-31'),
('EMPLOYEE_05', 'COMMUTE_01', '2024-08-01'),
('EMPLOYEE_06', 'COMMUTE_01', '2024-07-01'),
('EMPLOYEE_06', 'COMMUTE_01', '2024-07-02'),
('EMPLOYEE_06', 'COMMUTE_01', '2024-07-03'),
('EMPLOYEE_06', 'COMMUTE_01', '2024-07-04'),
('EMPLOYEE_06', 'COMMUTE_01', '2024-07-05'),
('EMPLOYEE_06', 'COMMUTE_01', '2024-07-08'),
('EMPLOYEE_06', 'COMMUTE_01', '2024-07-09'),
('EMPLOYEE_06', 'COMMUTE_01', '2024-07-10'),
('EMPLOYEE_06', 'COMMUTE_01', '2024-07-11'),
('EMPLOYEE_06', 'COMMUTE_01', '2024-07-12'),
('EMPLOYEE_06', 'COMMUTE_01', '2024-07-15'),
('EMPLOYEE_06', 'COMMUTE_01', '2024-07-16'),
('EMPLOYEE_06', 'COMMUTE_01', '2024-07-17'),
('EMPLOYEE_06', 'COMMUTE_01', '2024-07-18'),
('EMPLOYEE_06', 'COMMUTE_01', '2024-07-19'),
('EMPLOYEE_06', 'COMMUTE_01', '2024-07-22'),
('EMPLOYEE_06', 'COMMUTE_01', '2024-07-23'),
('EMPLOYEE_06', 'COMMUTE_01', '2024-07-24'),
('EMPLOYEE_06', 'COMMUTE_01', '2024-07-25'),
('EMPLOYEE_06', 'COMMUTE_01', '2024-07-26'),
('EMPLOYEE_06', 'COMMUTE_01', '2024-07-29'),
('EMPLOYEE_06', 'COMMUTE_01', '2024-07-30'),
('EMPLOYEE_06', 'COMMUTE_01', '2024-07-31'),
('EMPLOYEE_06', 'COMMUTE_01', '2024-08-01'),
('EMPLOYEE_07', 'COMMUTE_01', '2024-07-01'),
('EMPLOYEE_07', 'COMMUTE_01', '2024-07-02'),
('EMPLOYEE_07', 'COMMUTE_01', '2024-07-03'),
('EMPLOYEE_07', 'COMMUTE_01', '2024-07-04'),
('EMPLOYEE_07', 'COMMUTE_01', '2024-07-05'),
('EMPLOYEE_07', 'COMMUTE_01', '2024-07-08'),
('EMPLOYEE_07', 'COMMUTE_01', '2024-07-09'),
('EMPLOYEE_07', 'COMMUTE_01', '2024-07-10'),
('EMPLOYEE_07', 'COMMUTE_01', '2024-07-11'),
('EMPLOYEE_07', 'COMMUTE_01', '2024-07-12'),
('EMPLOYEE_07', 'COMMUTE_01', '2024-07-15'),
('EMPLOYEE_07', 'COMMUTE_01', '2024-07-16'),
('EMPLOYEE_07', 'COMMUTE_01', '2024-07-17'),
('EMPLOYEE_07', 'COMMUTE_01', '2024-07-18'),
('EMPLOYEE_07', 'COMMUTE_01', '2024-07-19'),
('EMPLOYEE_07', 'COMMUTE_01', '2024-07-22'),
('EMPLOYEE_07', 'COMMUTE_01', '2024-07-23'),
('EMPLOYEE_07', 'COMMUTE_01', '2024-07-24'),
('EMPLOYEE_07', 'COMMUTE_01', '2024-07-25'),
('EMPLOYEE_07', 'COMMUTE_01', '2024-07-26'),
('EMPLOYEE_07', 'COMMUTE_01', '2024-07-29'),
('EMPLOYEE_07', 'COMMUTE_01', '2024-07-30'),
('EMPLOYEE_07', 'COMMUTE_01', '2024-07-31'),
('EMPLOYEE_07', 'COMMUTE_01', '2024-08-01'),
('EMPLOYEE_07', 'COMMUTE_01', '2024-07-01'),
('EMPLOYEE_07', 'COMMUTE_01', '2024-07-02'),
('EMPLOYEE_07', 'COMMUTE_01', '2024-07-03'),
('EMPLOYEE_07', 'COMMUTE_01', '2024-07-04'),
('EMPLOYEE_07', 'COMMUTE_01', '2024-07-05'),
('EMPLOYEE_07', 'COMMUTE_01', '2024-07-08'),
('EMPLOYEE_07', 'COMMUTE_01', '2024-07-09'),
('EMPLOYEE_07', 'COMMUTE_01', '2024-07-10'),
('EMPLOYEE_07', 'COMMUTE_01', '2024-07-11'),
('EMPLOYEE_07', 'COMMUTE_01', '2024-07-12'),
('EMPLOYEE_07', 'COMMUTE_01', '2024-07-15'),
('EMPLOYEE_07', 'COMMUTE_01', '2024-07-16'),
('EMPLOYEE_07', 'COMMUTE_01', '2024-07-17'),
('EMPLOYEE_07', 'COMMUTE_01', '2024-07-18'),
('EMPLOYEE_07', 'COMMUTE_01', '2024-07-19'),
('EMPLOYEE_07', 'COMMUTE_01', '2024-07-22'),
('EMPLOYEE_07', 'COMMUTE_01', '2024-07-23'),
('EMPLOYEE_07', 'COMMUTE_01', '2024-07-24'),
('EMPLOYEE_07', 'COMMUTE_01', '2024-07-25'),
('EMPLOYEE_07', 'COMMUTE_01', '2024-07-26'),
('EMPLOYEE_07', 'COMMUTE_01', '2024-07-29'),
('EMPLOYEE_07', 'COMMUTE_01', '2024-07-30'),
('EMPLOYEE_07', 'COMMUTE_01', '2024-07-31'),
('EMPLOYEE_07', 'COMMUTE_01', '2024-08-01');
